Provider,Source,Instrument,Status
"HAO","MLSO","K-Cor",2
"HAO","MLSO","chp",2
"HAO","MLSO","dpm",2
"HAO","MLSO","mk4",2
"HAO","SMM","cp",2
"INAF-OACT","OACT","BE-Continuum",0
"INAF-OACT","OACT","BE-Halpha",1
"INAF-OACT","OACT","Cook_Refractor",0
"JSOC","SDO","AIA",9
"JSOC","SDO","HMI",9
"KIS","ChroTel","ChroTel",2
"KSO","KSO","CAII",0
"KSO","KSO","FILM",1
"KSO","KSO","HA2",0
"KSO","KSO","KPDC",0
"KSO","KSO","PHOKA",1
"KSO","KSO","TM-1001",0
"KSO","KSO","TM-1010",0
"LASP","MINXSS1","X123",9
"LASP","MINXSS2","X123",0
"LASP","SDO","EVE",9
"LMSAL","IRIS","IRIS",9
"LSSP","RHESSI","RHESSI",9
"MPS","SUNRISE1","IMaX",9
"MPS","SUNRISE1","SuFI",9
"MPS","SUNRISE2","IMaX",1
"MPS","SUNRISE2","SuFI",0
"MSFC","CLASP2","SJ",0
"MSFC","CLASP2","SP1",0
"MSFC","CLASP2","SP2",0
"MSFC","HI-C","HI-C",0
"MSFC","HI-C21","HI-C21",9
"MSU","YOHKOH","BCS",9
"MSU","YOHKOH","HXT",9
"MSU","YOHKOH","SXT",9
"MSU","YOHKOH","WBS",9
"MWSPADP","MtWilson","60-ft SHG",0
"NAOJ","SFT","T1-HALPHA",0
"NGDC","GOES-12","SXI-0",9
"NOAA","GOES16","SUVI",0
"NOAA","GOES17","SUVI",0
"NRL","PSP","WISPR",9
"NSO","Evans","spectroheliograph",0
"NSO","GONG","Big Bear",0
"NSO","GONG","Cerro Tololo",0
"NSO","GONG","El Teide",1
"NSO","GONG","Learmonth",1
"NSO","GONG","MERGED GONG",0
"NSO","GONG","Mauna Loa",0
"NSO","GONG","Udaipur",1
"NSO","HXECLIPSE","HXECLIPSE",1
"NSO","ISOON","ISOON",0
"NSO","IVM","IVM",1
"NSO","KPVT","512-channel magnetograph",9
"NSO","KPVT","spectromagnetograph",9
"NSO","McMath","solar fts spectrometer",9
"NSO","PTMC","PTMC",1
"NSO","SDO","HMI",1
"NSO","SOLIS","ISS",1
"NSO","SOLIS","vsm",0
"NWRA","MCCD","MEES",1
"OBSPM","OBSPM","Meudon Spectroheliograph",0
"OMP","OMP","CLIMSO",2
"OVRO","OVRO","OVSA",2
"ROB","PROBA2","SWAP",0
"SAO","Hinode","XRT",2
"SDAC","EUNIS","LONGWAVE-LOBE-06",0
"SDAC","EUNIS","LONGWAVE-LOBE-07",0
"SDAC","EUNIS","LONGWAVE-SLIT-06",0
"SDAC","EUNIS","LONGWAVE-SLIT-07",0
"SDAC","EUNIS","SHORTWAVE-LOBE-06",0
"SDAC","EUNIS","SHORTWAVE-LOBE-07",0
"SDAC","EUNIS","SHORTWAVE-SLIT-06",0
"SDAC","EUNIS","SHORTWAVE-SLIT-07",0
"SDAC","FOXSI1","FOXSI",0
"SDAC","FOXSI2","FOXSI",0
"SDAC","FOXSI3","FOXSI",0
"SDAC","FOXSI3","PHOENIX",0
"SDAC","Hinode","EIS",9
"SDAC","Hinode","SOT",9
"SDAC","SDO","AIA",9
"SDAC","SO","EUI",9
"SDAC","SOHO","CDS",0
"SDAC","SOHO","CELIAS",9
"SDAC","SOHO","COSTEP",9
"SDAC","SOHO","EIT",0
"SDAC","SOHO","ERNE",9
"SDAC","SOHO","GOLF",9
"SDAC","SOHO","LASCO",0
"SDAC","SOHO","SUMER",1
"SDAC","SOHO","SWAN",0
"SDAC","SOHO","UVCS",1
"SDAC","SOHO","VIRGO",9
"SDAC","TRACE","TRACE",0
"SDAC","VAULT","VAULT-1999",0
"SDAC","VAULT","VAULT-2002",0
"SDAC","VAULT","VAULT-2014",0
"SFO","SFO","CFDT1",2
"SFO","SFO","CFDT2",2
"SHA","SOHO","MDI",9
"SSC","STEREO_A","IMPACT",9
"SSC","STEREO_A","PLASTIC",9
"SSC","STEREO_A","SECCHI",9
"SSC","STEREO_A","SWAVES",9
"SSC","STEREO_B","IMPACT",9
"SSC","STEREO_B","PLASTIC",9
"SSC","STEREO_B","SECCHI",9
"SSC","STEREO_B","SWAVES",9
