Provider,Source,Instrument,Status
"HAO","MLSO","K-Cor",2
"HAO","MLSO","chp",2
"HAO","MLSO","dpm",2
"HAO","MLSO","mk4",2
"HAO","SMM","cp",2
"INAF-OACT","OACT","BE-Continuum",8
"INAF-OACT","OACT","BE-Halpha",8
"INAF-OACT","OACT","Cook_Refractor",9
"JSOC","SDO","AIA",8
"JSOC","SDO","HMI",8
"KIS","ChroTel","ChroTel",2
"KSO","KSO","CAII",9
"KSO","KSO","FILM",9
"KSO","KSO","HA2",9
"KSO","KSO","KPDC",9
"KSO","KSO","PHOKA",9
"KSO","KSO","TM-1001",9
"KSO","KSO","TM-1010",9
"LASP","MINXSS1","X123",8
"LASP","MINXSS2","X123",8
"LASP","SDO","EVE",9
"LMSAL","IRIS","IRIS",8
"LSSP","RHESSI","RHESSI",8
"MPS","SUNRISE1","IMaX",1
"MPS","SUNRISE1","SuFI",8
"MPS","SUNRISE2","IMaX",8
"MPS","SUNRISE2","SuFI",8
"MSFC","CLASP2","SJ",8
"MSFC","CLASP2","SP1",8
"MSFC","CLASP2","SP2",8
"MSFC","HI-C","HI-C",8
"MSFC","HI-C21","HI-C21",8
"MSU","YOHKOH","BCS",8
"MSU","YOHKOH","HXT",8
"MSU","YOHKOH","SXT",8
"MSU","YOHKOH","WBS",8
"MWSPADP","MtWilson","60-ft SHG",8
"NGDC","GOES-12","SXI-0",9
"NOAA","GOES16","SUVI",9
"NOAA","GOES17","SUVI",8
"NRL","PSP","WISPR",8
"NSO","Evans","spectroheliograph",1
"NSO","GONG","Big Bear",8
"NSO","GONG","Cerro Tololo",8
"NSO","GONG","El Teide",1
"NSO","GONG","Learmonth",8
"NSO","GONG","MERGED GONG",8
"NSO","GONG","Mauna Loa",8
"NSO","GONG","Udaipur",8
"NSO","HXECLIPSE","HXECLIPSE",9
"NSO","ISOON","ISOON",9
"NSO","IVM","IVM",1
"NSO","KPVT","512-channel magnetograph",8
"NSO","KPVT","spectromagnetograph",1
"NSO","McMath","solar fts spectrometer",8
"NSO","PTMC","PTMC",1
"NSO","SDO","HMI",1
"NSO","SOLIS","ISS",1
"NSO","SOLIS","vsm",8
"NWRA","MCCD","MEES",1
"OBSPM","OBSPM","Meudon Spectroheliograph",8
"OMP","OMP","CLIMSO",2
"OVRO","OVRO","OVSA",2
"ROB","PROBA2","SWAP",8
"SAO","Hinode","XRT",2
"SDAC","EUNIS","LONGWAVE-LOBE-06",8
"SDAC","EUNIS","LONGWAVE-LOBE-07",8
"SDAC","EUNIS","LONGWAVE-SLIT-06",8
"SDAC","EUNIS","LONGWAVE-SLIT-07",8
"SDAC","EUNIS","SHORTWAVE-LOBE-06",8
"SDAC","EUNIS","SHORTWAVE-LOBE-07",8
"SDAC","EUNIS","SHORTWAVE-SLIT-06",8
"SDAC","EUNIS","SHORTWAVE-SLIT-07",8
"SDAC","FOXSI1","FOXSI",8
"SDAC","FOXSI2","FOXSI",8
"SDAC","FOXSI3","FOXSI",8
"SDAC","FOXSI3","PHOENIX",8
"SDAC","Hinode","EIS",8
"SDAC","Hinode","SOT",8
"SDAC","SDO","AIA",9
"SDAC","SO","EUI",1
"SDAC","SOHO","CDS",1
"SDAC","SOHO","CELIAS",8
"SDAC","SOHO","COSTEP",8
"SDAC","SOHO","EIT",8
"SDAC","SOHO","ERNE",9
"SDAC","SOHO","GOLF",8
"SDAC","SOHO","LASCO",8
"SDAC","SOHO","SUMER",1
"SDAC","SOHO","SWAN",8
"SDAC","SOHO","UVCS",8
"SDAC","SOHO","VIRGO",8
"SDAC","TRACE","TRACE",8
"SDAC","VAULT","VAULT-1999",8
"SDAC","VAULT","VAULT-2002",8
"SDAC","VAULT","VAULT-2014",8
"SFO","SFO","CFDT1",2
"SFO","SFO","CFDT2",2
"SHA","SOHO","MDI",8
"SSC","STEREO_A","IMPACT",8
"SSC","STEREO_A","PLASTIC",8
"SSC","STEREO_A","SECCHI",8
"SSC","STEREO_A","SWAVES",1
"SSC","STEREO_B","IMPACT",8
"SSC","STEREO_B","PLASTIC",8
"SSC","STEREO_B","SECCHI",8
"SSC","STEREO_B","SWAVES",1
