Provider,Source,Instrument,Status
"HAO","MLSO","K-Cor",2
"HAO","MLSO","chp",2
"HAO","MLSO","dpm",2
"HAO","MLSO","mk4",2
"HAO","SMM","cp",2
"INAF-OACT","OACT","BE-Continuum",1
"INAF-OACT","OACT","BE-Halpha",1
"INAF-OACT","OACT","Cook_Refractor",1
"JSOC","SDO","AIA",9
"JSOC","SDO","HMI",9
"KIS","ChroTel","ChroTel",2
"KSO","KSO","CAII",9
"KSO","KSO","FILM",9
"KSO","KSO","HA2",9
"KSO","KSO","KPDC",9
"KSO","KSO","PHOKA",9
"KSO","KSO","TM-1001",9
"KSO","KSO","TM-1010",9
"LASP","MINXSS1","X123",9
"LASP","SDO","EVE",9
"LMSAL","IRIS","IRIS",9
"LSSP","RHESSI","RHESSI",9
"MPS","SUNRISE1","IMaX",9
"MPS","SUNRISE1","SuFI",9
"MPS","SUNRISE2","IMaX",9
"MPS","SUNRISE2","SuFI",9
"MSFC","CLASP2","SJ",9
"MSFC","CLASP2","SP1",9
"MSFC","CLASP2","SP2",9
"MSFC","HI-C","HI-C",9
"MSFC","HI-C21","HI-C21",9
"MSU","YOHKOH","BCS",9
"MSU","YOHKOH","HXT",9
"MSU","YOHKOH","SXT",9
"MSU","YOHKOH","WBS",9
"MWSPADP","MtWilson","60-ft SHG",9
"NGDC","GOES-12","SXI-0",9
"NOAA","GOES16","SUVI",9
"NOAA","GOES17","SUVI",9
"NRL","PSP","WISPR",9
"NSO","Evans","spectroheliograph",9
"NSO","GONG","Big Bear",9
"NSO","GONG","Cerro Tololo",9
"NSO","GONG","El Teide",9
"NSO","GONG","Learmonth",9
"NSO","GONG","MERGED GONG",9
"NSO","GONG","Mauna Loa",9
"NSO","GONG","Udaipur",9
"NSO","HXECLIPSE","HXECLIPSE",9
"NSO","ISOON","ISOON",9
"NSO","IVM","IVM",9
"NSO","KPVT","512-channel magnetograph",9
"NSO","KPVT","spectromagnetograph",9
"NSO","McMath","solar fts spectrometer",9
"NSO","PTMC","PTMC",9
"NSO","SDO","HMI",9
"NSO","SOLIS","ISS",9
"NSO","SOLIS","vsm",9
"NWRA","MCCD","MEES",9
"OBSPM","OBSPM","Meudon Spectroheliograph",9
"OMP","OMP","CLIMSO",9
"OVRO","OVRO","OVSA",9
"ROB","PROBA2","SWAP",9
"SAO","Hinode","XRT",2
"SDAC","EUNIS","LONGWAVE-LOBE-06",9
"SDAC","EUNIS","LONGWAVE-LOBE-07",9
"SDAC","EUNIS","LONGWAVE-SLIT-06",9
"SDAC","EUNIS","LONGWAVE-SLIT-07",9
"SDAC","EUNIS","SHORTWAVE-LOBE-06",9
"SDAC","EUNIS","SHORTWAVE-LOBE-07",9
"SDAC","EUNIS","SHORTWAVE-SLIT-06",9
"SDAC","EUNIS","SHORTWAVE-SLIT-07",9
"SDAC","FOXSI1","FOXSI",9
"SDAC","FOXSI2","FOXSI",9
"SDAC","FOXSI3","FOXSI",9
"SDAC","FOXSI3","PHOENIX",9
"SDAC","Hinode","EIS",9
"SDAC","Hinode","SOT",9
"SDAC","SDO","AIA",9
"SDAC","SO","EUI",9
"SDAC","SOHO","CDS",9
"SDAC","SOHO","CELIAS",9
"SDAC","SOHO","COSTEP",9
"SDAC","SOHO","EIT",9
"SDAC","SOHO","ERNE",9
"SDAC","SOHO","GOLF",9
"SDAC","SOHO","LASCO",9
"SDAC","SOHO","SUMER",9
"SDAC","SOHO","SWAN",9
"SDAC","SOHO","UVCS",9
"SDAC","SOHO","VIRGO",9
"SDAC","TRACE","TRACE",9
"SDAC","VAULT","VAULT-1999",9
"SDAC","VAULT","VAULT-2002",9
"SDAC","VAULT","VAULT-2014",9
"SFO","SFO","CFDT1",2
"SFO","SFO","CFDT2",2
"SHA","SOHO","MDI",9
"SSC","STEREO_A","IMPACT",9
"SSC","STEREO_A","PLASTIC",9
"SSC","STEREO_A","SECCHI",9
"SSC","STEREO_A","SWAVES",9
"SSC","STEREO_B","IMPACT",9
"SSC","STEREO_B","PLASTIC",9
"SSC","STEREO_B","SECCHI",9
"SSC","STEREO_B","SWAVES",9
