Provider,Source,Instrument,Status
"ESA","PROBA2","LYRA",0
"ESA","PROBA2","SWAP",0
"HAO","MLSO","K-Cor",9
"HAO","MLSO","chp",1
"HAO","MLSO","dpm",8
"HAO","MLSO","mk4",1
"HAO","SMM","cp",1
"HSOS","SATech-01","SUTRI",9
"INAF-OACT","OACT","BE-Continuum",1
"INAF-OACT","OACT","BE-Halpha",1
"INAF-OACT","OACT","Cook_Refractor",0
"JSOC","SDO","AIA",0
"JSOC","SDO","HMI",8
"KIS","ChroTel","ChroTel",2
"KSO","KSO","CAII",0
"KSO","KSO","FILM",0
"KSO","KSO","HA2",0
"KSO","KSO","KPDC",0
"KSO","KSO","PHOKA",1
"KSO","KSO","TM-1001",1
"KSO","KSO","TM-1010",9
"LASP","MINXSS1","X123",9
"LASP","MINXSS2","X123",9
"LASP","SDO","EVE",2
"LMSAL","IRIS","IRIS",9
"LSSP","RHESSI","RHESSI",0
"MPS","SUNRISE1","IMaX",9
"MPS","SUNRISE1","SuFI",9
"MPS","SUNRISE2","IMaX",9
"MPS","SUNRISE2","SuFI",9
"MSFC","CLASP2","SJ",0
"MSFC","CLASP2","SP1",0
"MSFC","CLASP2","SP2",0
"MSFC","HI-C","HI-C",0
"MSFC","HI-C21","HI-C21",0
"MSU","YOHKOH","BCS",0
"MSU","YOHKOH","HXT",0
"MSU","YOHKOH","SXT",0
"MSU","YOHKOH","WBS",0
"MWSPADP","MtWilson","60-ft SHG",0
"NAOJ","SFT","T1-HALPHA",0
"NGDC","GOES-12","SXI-0",9
"NOAA","GOES16","SUVI",0
"NOAA","GOES17","SUVI",9
"NRL","PSP","WISPR",9
"NSO","Evans","spectroheliograph",0
"NSO","GONG","Big Bear",0
"NSO","GONG","Cerro Tololo",0
"NSO","GONG","El Teide",1
"NSO","GONG","Learmonth",0
"NSO","GONG","MERGED GONG",0
"NSO","GONG","Mauna Loa",0
"NSO","GONG","Udaipur",0
"NSO","HXECLIPSE","HXECLIPSE",1
"NSO","ISOON","ISOON",0
"NSO","IVM","IVM",1
"NSO","KPVT","512-channel magnetograph",1
"NSO","KPVT","spectromagnetograph",0
"NSO","McMath","solar fts spectrometer",1
"NSO","PTMC","PTMC",1
"NSO","SDO","HMI",1
"NSO","SOLIS","ISS",1
"NSO","SOLIS","vsm",1
"NWRA","MCCD","MEES",9
"OBSPM","OBSPM","Meudon Spectroheliograph",0
"OMP","OMP","CLIMSO",2
"OVRO","OVRO","OVSA",2
"ROB","PROBA2","SWAP",0
"SAO","Hinode","XRT",2
"SDAC","EUNIS","LONGWAVE-LOBE-06",9
"SDAC","EUNIS","LONGWAVE-LOBE-07",9
"SDAC","EUNIS","LONGWAVE-SLIT-06",9
"SDAC","EUNIS","LONGWAVE-SLIT-07",9
"SDAC","EUNIS","SHORTWAVE-LOBE-06",9
"SDAC","EUNIS","SHORTWAVE-LOBE-07",9
"SDAC","EUNIS","SHORTWAVE-SLIT-06",9
"SDAC","EUNIS","SHORTWAVE-SLIT-07",9
"SDAC","FOXSI1","FOXSI",9
"SDAC","FOXSI2","FOXSI",9
"SDAC","FOXSI3","FOXSI",9
"SDAC","FOXSI3","PHOENIX",9
"SDAC","Hinode","EIS",0
"SDAC","Hinode","SOT",0
"SDAC","SDO","AIA",0
"SDAC","SO","EUI",9
"SDAC","SO","SPICE",9
"SDAC","SO","SoloHI",9
"SDAC","SOHO","CDS",1
"SDAC","SOHO","CELIAS",0
"SDAC","SOHO","COSTEP",0
"SDAC","SOHO","EIT",1
"SDAC","SOHO","ERNE",0
"SDAC","SOHO","GOLF",0
"SDAC","SOHO","LASCO",0
"SDAC","SOHO","SUMER",1
"SDAC","SOHO","SWAN",0
"SDAC","SOHO","UVCS",1
"SDAC","SOHO","VIRGO",0
"SDAC","TRACE","TRACE",9
"SDAC","VAULT","VAULT-1999",9
"SDAC","VAULT","VAULT-2002",9
"SDAC","VAULT","VAULT-2014",9
"SFO","SFO","CFDT1",2
"SFO","SFO","CFDT2",2
"SHA","SOHO","MDI",0
"SSC","STEREO_A","IMPACT",0
"SSC","STEREO_A","PLASTIC",0
"SSC","STEREO_A","SECCHI",0
"SSC","STEREO_A","SWAVES",1
"SSC","STEREO_B","IMPACT",0
"SSC","STEREO_B","PLASTIC",0
"SSC","STEREO_B","SECCHI",0
"SSC","STEREO_B","SWAVES",8
