Provider,Source,Instrument,Status
"ESA","PROBA2","LYRA",2
"ESA","PROBA2","SWAP",2
"HAO","MLSO","K-Cor",2
"HAO","MLSO","chp",2
"HAO","MLSO","dpm",2
"HAO","MLSO","mk4",2
"HAO","SMM","cp",2
"HSOS","SATech-01","SUTRI",2
"INAF-OACT","OACT","BE-Continuum",2
"INAF-OACT","OACT","BE-Halpha",2
"INAF-OACT","OACT","Cook_Refractor",2
"JSOC","SDO","AIA",2
"JSOC","SDO","HMI",2
"KIS","ChroTel","ChroTel",2
"KSO","KSO","CAII",2
"KSO","KSO","FILM",2
"KSO","KSO","HA2",2
"KSO","KSO","KPDC",2
"KSO","KSO","PHOKA",2
"KSO","KSO","TM-1001",2
"KSO","KSO","TM-1010",2
"LASP","MINXSS1","X123",2
"LASP","MINXSS2","X123",2
"LASP","SDO","EVE",2
"LMSAL","IRIS","IRIS",2
"LSSP","RHESSI","RHESSI",2
"MPS","SUNRISE1","IMaX",2
"MPS","SUNRISE1","SuFI",2
"MPS","SUNRISE2","IMaX",2
"MPS","SUNRISE2","SuFI",2
"MSFC","CLASP2","SJ",2
"MSFC","CLASP2","SP1",2
"MSFC","CLASP2","SP2",2
"MSFC","HI-C","HI-C",2
"MSFC","HI-C21","HI-C21",2
"MSU","YOHKOH","BCS",2
"MSU","YOHKOH","HXT",2
"MSU","YOHKOH","SXT",2
"MSU","YOHKOH","WBS",2
"MWSPADP","MtWilson","60-ft SHG",2
"NAOJ","SFT","T1-HALPHA",2
"NGDC","GOES-12","SXI-0",2
"NOAA","GOES16","SUVI",2
"NOAA","GOES17","SUVI",2
"NRL","PSP","WISPR",2
"NSO","Evans","spectroheliograph",2
"NSO","GONG","Big Bear",2
"NSO","GONG","Cerro Tololo",2
"NSO","GONG","El Teide",2
"NSO","GONG","Learmonth",2
"NSO","GONG","MERGED GONG",2
"NSO","GONG","Mauna Loa",2
"NSO","GONG","Udaipur",2
"NSO","HXECLIPSE","HXECLIPSE",2
"NSO","ISOON","ISOON",2
"NSO","IVM","IVM",2
"NSO","KPVT","512-channel magnetograph",2
"NSO","KPVT","spectromagnetograph",2
"NSO","McMath","solar fts spectrometer",2
"NSO","PTMC","PTMC",2
"NSO","SDO","HMI",2
"NSO","SOLIS","ISS",2
"NSO","SOLIS","vsm",2
"NWRA","MCCD","MEES",2
"OBSPM","OBSPM","Meudon Spectroheliograph",2
"OMP","OMP","CLIMSO",2
"OVRO","OVRO","OVSA",2
"ROB","PROBA2","SWAP",2
"SAO","Hinode","XRT",2
"SDAC","EUNIS","LONGWAVE-LOBE-06",2
"SDAC","EUNIS","LONGWAVE-LOBE-07",2
"SDAC","EUNIS","LONGWAVE-SLIT-06",2
"SDAC","EUNIS","LONGWAVE-SLIT-07",2
"SDAC","EUNIS","SHORTWAVE-LOBE-06",2
"SDAC","EUNIS","SHORTWAVE-LOBE-07",2
"SDAC","EUNIS","SHORTWAVE-SLIT-06",2
"SDAC","EUNIS","SHORTWAVE-SLIT-07",2
"SDAC","FOXSI1","FOXSI",2
"SDAC","FOXSI2","FOXSI",2
"SDAC","FOXSI3","FOXSI",2
"SDAC","FOXSI3","PHOENIX",2
"SDAC","Hinode","EIS",2
"SDAC","Hinode","SOT",2
"SDAC","SDO","AIA",2
"SDAC","SO","EUI",2
"SDAC","SO","SPICE",2
"SDAC","SO","SoloHI",2
"SDAC","SOHO","CDS",2
"SDAC","SOHO","CELIAS",2
"SDAC","SOHO","COSTEP",2
"SDAC","SOHO","EIT",2
"SDAC","SOHO","ERNE",2
"SDAC","SOHO","GOLF",2
"SDAC","SOHO","LASCO",2
"SDAC","SOHO","SUMER",2
"SDAC","SOHO","SWAN",2
"SDAC","SOHO","UVCS",2
"SDAC","SOHO","VIRGO",2
"SDAC","TRACE","TRACE",2
"SDAC","VAULT","VAULT-1999",2
"SDAC","VAULT","VAULT-2002",2
"SDAC","VAULT","VAULT-2014",2
"SFO","SFO","CFDT1",2
"SFO","SFO","CFDT2",2
"SHA","SOHO","MDI",2
"SSC","STEREO_A","IMPACT",2
"SSC","STEREO_A","PLASTIC",2
"SSC","STEREO_A","SECCHI",2
"SSC","STEREO_A","SWAVES",2
"SSC","STEREO_B","IMPACT",2
"SSC","STEREO_B","PLASTIC",2
"SSC","STEREO_B","SECCHI",2
"SSC","STEREO_B","SWAVES",2
